team,name,position,number
ALG,Melvin Mastil,Goalkeeper,
ALG,Aissa Mandi,Defender,
ALG,Achref Abada,Defender,
ALG,Mohamed Tougai,Defender,
ALG,Zineddine Belaid,Defender,
ALG,Ramiz Zerrouki,Midfielder,
ALG,Riyad Mahrez,Forward,
ALG,Houssem Aouar,Midfielder,
ALG,Amine Gouiri,Forward,
ALG,Fares Chaibi,Midfielder,
ALG,Anis Hadj Moussa,Forward,
ALG,Nadhir Benbouali,Forward,
ALG,Jaouen Hadjam,Defender,
ALG,Hicham Boudaoui,Midfielder,
ALG,Rayan Ait-Nouri,Defender,
ALG,Oussama Benbot,Goalkeeper,
ALG,Rak Belghali,Defender,
ALG,Mohamed Amoura,Forward,
ALG,Nabil Bentaleb,Midfielder,
ALG,Adil Boulbina,Forward,
ALG,Ramy Bensebaini,Defender,
ALG,Ibrahim Maza,Midfielder,
ALG,Luca Zidane,Goalkeeper,
ALG,Yassine Titraoui,Midfielder,
ALG,Fares Ghedjemis,Forward,
ALG,Samir Chergui,Defender,
ARG,Juan Musso,Goalkeeper,
ARG,Leonardo Balerdi,Defender,
ARG,Nicolas Tagliafico,Defender,
ARG,Gonzalo Montiel,Defender,
ARG,Leandro Paredes,Midfielder,
ARG,Lisandro Martinez,Defender,
ARG,Rodrigo De Paul,Midfielder,
ARG,Valentin Barco,Midfielder,
ARG,Julian Alvarez,Forward,
ARG,Lionel Messi,Forward,
ARG,Giovani Lo Celso,Midfielder,
ARG,Geronimo Rulli,Goalkeeper,
ARG,Cristian Romero,Defender,
ARG,Exequiel Palacios,Midfielder,
ARG,Nico Gonzalez,Midfielder,
ARG,Thiago Almada,Forward,
ARG,Giuliano Simeone,Forward,
ARG,Nico Paz,Forward,
ARG,Nicolas Otamendi,Defender,
ARG,Alexis Mac Allister,Midfielder,
ARG,Jose Lopez,Forward,
ARG,Lautaro Martinez,Forward,
ARG,Emiliano Martinez,Goalkeeper,
ARG,Enzo Fernandez,Midfielder,
ARG,Facundo Medina,Defender,
ARG,Nahuel Molina,Defender,
AUS,Mathew Ryan,Goalkeeper,
AUS,Milos Degenek,Defender,
AUS,Alessandro Circati,Defender,
AUS,Jacob Italiano,Defender,
AUS,Jordan Bos,Defender,
AUS,Jason Geria,Defender,
AUS,Mathew Leckie,Forward,
AUS,Connor Metcalfe,Midfielder,
AUS,Mohamed Toure,Forward,
AUS,Ajdin Hrustic,Forward,
AUS,Awer Mabil,Forward,
AUS,Paul Izzo,Goalkeeper,
AUS,Aiden Oneill,Midfielder,
AUS,Cameron Devlin,Midfielder,
AUS,Kai Trewin,Defender,
AUS,Aziz Behich,Defender,
AUS,Nestory Irankunda,Forward,
AUS,Patrick Beach,Goalkeeper,
AUS,Harry Souttar,Defender,
AUS,Cristian Volpato,Forward,
AUS,Cameron Burgess,Defender,
AUS,Jackson Irvine,Midfielder,
AUS,Nishan Velupillay,Forward,
AUS,Paul Okon-Engstler,Midfielder,
AUS,Lucas Herrington,Defender,
AUS,Tete Yengi,Forward,
AUT,Alexander Schlager,Goalkeeper,
AUT,David Affengruber,Defender,
AUT,Kevin Danso,Defender,
AUT,Xaver Schlager,Midfielder,
AUT,Stefan Posch,Defender,
AUT,Nicolas Seiwald,Midfielder,
AUT,Marko Arnautovic,Forward,
AUT,David Alaba,Defender,
AUT,Marcel Sabitzer,Midfielder,
AUT,Florian Grillitsch,Midfielder,
AUT,Michael Gregoritsch,Forward,
AUT,Florian Wiegele,Goalkeeper,
AUT,Patrick Pentz,Goalkeeper,
AUT,Sasa Kalajdzic,Forward,
AUT,Philipp Lienhart,Defender,
AUT,Phillip Mwene,Defender,
AUT,Carney Chukwuemeka,Midfielder,
AUT,Romano Schmid,Midfielder,
AUT,Dejan Ljubicic,Midfielder,
AUT,Konrad Laimer,Midfielder,
AUT,Patrick Wimmer,Forward,
AUT,Alexander Prass,Midfielder,
AUT,Marco Friedl,Defender,
AUT,Paul Wanner,Midfielder,
AUT,Michael Svoboda,Defender,
AUT,Alessandro Schoepf,Midfielder,
BEL,Thibaut Courtois,Goalkeeper,
BEL,Zeno Debast,Defender,
BEL,Arthur Theate,Defender,
BEL,Brandon Mechele,Defender,
BEL,Maxim De Cuyper,Defender,
BEL,Axel Witsel,Midfielder,
BEL,Kevin De Bruyne,Midfielder,
BEL,Youri Tielemans,Midfielder,
BEL,Romelu Lukaku,Forward,
BEL,Leandro Trossard,Forward,
BEL,Jeremy Doku,Forward,
BEL,Senne Lammens,Goalkeeper,
BEL,Mike Penders,Goalkeeper,
BEL,Dodi Lukebakio,Forward,
BEL,Thomas Meunier,Defender,
BEL,Koni De Winter,Defender,
BEL,Charles De Ketelaere,Forward,
BEL,Joaquin Seys,Defender,
BEL,Diego Moreira,Midfielder,
BEL,Hans Vanaken,Midfielder,
BEL,Timothy Castagne,Defender,
BEL,Alexis Saelemaekers,Midfielder,
BEL,Nicolas Raskin,Midfielder,
BEL,Amadou Onana,Midfielder,
BEL,Nathan Ngoy,Defender,
BEL,Matias Fernandez-Pardo,Forward,
BIH,Nikola Vasilj,Goalkeeper,
BIH,Nihad Mujakic,Defender,
BIH,Dennis Hadzikadunic,Defender,
BIH,Tarik Muharemovic,Defender,
BIH,Sead Kolasinac,Defender,
BIH,Benjamin Tahirovic,Midfielder,
BIH,Amar Dedic,Defender,
BIH,Armin Gigovic,Midfielder,
BIH,Samed Bazdar,Forward,
BIH,Ermedin Demirovic,Forward,
BIH,Edin Dzeko,Forward,
BIH,Mladen Jurkas,Goalkeeper,
BIH,Ivan Basic,Midfielder,
BIH,Ivan Sunjic,Midfielder,
BIH,Amar Memic,Midfielder,
BIH,Amir Hadziahmetovic,Midfielder,
BIH,Dzenis Burnic,Midfielder,
BIH,Nikola Katic,Defender,
BIH,Kerim Alajbegovic,Forward,
BIH,Esmir Bajraktarevic,Forward,
BIH,Stjepan Radeljic,Defender,
BIH,Martin Zlomislic,Goalkeeper,
BIH,Haris Tabakovic,Forward,
BIH,Nidal Celik,Defender,
BIH,Jovo Lukic,Forward,
BIH,Ermin Mahmic,Midfielder,
BRA,Álisson Alisson,Goalkeeper,
BRA,Éderson Ederson Silva,Midfielder,
BRA,Gabriel Gabriel Magalhaes,Defender,
BRA,Marcos Marquinhos,Defender,
BRA,Carlos Casemiro,Midfielder,
BRA,Alex Alex Sandro,Defender,
BRA,Vinicius Vinicius Junior,Forward,
BRA,Bruno Bruno Guimaraes,Midfielder,
BRA,Matheus Matheus Cunha,Forward,
BRA,Neymar Neymar Jr,Forward,
BRA,Raphael Raphinha,Forward,
BRA,Weverton Weverton,Goalkeeper,
BRA,Danilo Danilo,Defender,
BRA,Gleison Bremer,Defender,
BRA,Leonardo Leo Pereira,Defender,
BRA,Douglas Douglas Santos,Defender,
BRA,Fabio Fabinho,Midfielder,
BRA,Danilo Danilo Santos,Midfielder,
BRA,Endrick Endrick,Forward,
BRA,Lucas Lucas Paqueta,Midfielder,
BRA,Luiz Luiz Henrique,Forward,
BRA,Gabriel Gabriel Martinelli,Forward,
BRA,Ederson Ederson,Goalkeeper,
BRA,Roger Roger Ibanez,Defender,
BRA,Igor Igor Thiago,Forward,
BRA,Rayan Rayan,Forward,
CPV,Josimar Vozinha,Goalkeeper,
CPV,Ianique Stopira,Defender,
CPV,Edilson Diney Borges,Defender,
CPV,Roberto Pico Lopes,Defender,
CPV,Logan Logan Costa,Defender,
CPV,Kevin Kevin Pina,Midfielder,
CPV,Jovane Jovane Cabral,Midfielder,
CPV,João Joao Paulo,Midfielder,
CPV,Gilson Gilson Benchimol,Forward,
CPV,Jamiro Jamiro Monteiro,Midfielder,
CPV,Garry Garry Rodrigues,Midfielder,
CPV,Márcio Marcio Rosa,Goalkeeper,
CPV,Sidny Sidny Lopes Cabral,Defender,
CPV,Deroy Deroy Duarte,Midfielder,
CPV,Laros Laros Duarte,Midfielder,
CPV,Jair Yannick Semedo,Midfielder,
CPV,Willy Willy Semedo,Midfielder,
CPV,Telmo Telmo Arcanjo,Midfielder,
CPV,Dailon Dailon Livramento,Forward,
CPV,Ryan Ryan Mendes,Forward,
CPV,Nuno Nuno Da Costa,Midfielder,
CPV,Steven Steven Moreira,Defender,
CPV,Carlos Cj Dos Santos,Goalkeeper,
CPV,Wagner Wagner Pina,Defender,
CPV,Kelvin Kelvin Pires,Defender,
CPV,Hélio Helio Varela,Midfielder,
CAN,Dayne St. Clair,Goalkeeper,
CAN,Alistair Johnston,Defender,
CAN,Ale Jones,Defender,
CAN,Luc De Fougerolles,Defender,
CAN,Joel Waterman,Defender,
CAN,Mathieu Choiniere,Midfielder,
CAN,Stephen Eustaquio,Midfielder,
CAN,Ismael Kone,Midfielder,
CAN,Cyle Larin,Forward,
CAN,Jonathan David,Forward,
CAN,Liam Millar,Midfielder,
CAN,Tani Oluwaseyi,Forward,
CAN,Derek Cornelius,Defender,
CAN,Jacob Shaffelburg,Midfielder,
CAN,Moise Bombito,Defender,
CAN,Maxime Crepeau,Goalkeeper,
CAN,Tajon Buchanan,Forward,
CAN,Owen Goodman,Goalkeeper,
CAN,Alphonso Davies,Defender,
CAN,Ali Ahmed,Forward,
CAN,Jonathan Osorio,Midfielder,
CAN,Richie Laryea,Defender,
CAN,Niko Sigur,Defender,
CAN,Promise David,Forward,
CAN,Nathan Saliba,Midfielder,
CAN,Jayden Nelson,Forward,
COL,David Ospina,Goalkeeper,
COL,Daniel Munoz,Defender,
COL,Jhon Lucumi,Defender,
COL,Santiago Arias,Defender,
COL,Kevin Castano,Midfielder,
COL,Richard Rios,Midfielder,
COL,Luis Diaz,Forward,
COL,Jorge Carrascal,Midfielder,
COL,Jhon Cordoba,Forward,
COL,James Rodriguez,Midfielder,
COL,Jhon Arias,Midfielder,
COL,Camilo Vargas,Goalkeeper,
COL,Yerry Mina,Defender,
COL,Gustavo Puerta,Defender,
COL,Juan Portilla,Midfielder,
COL,Jefferson Lerma,Midfielder,
COL,Johan Mojica,Defender,
COL,Willer Ditta,Defender,
COL,Cucho Hernandez,Forward,
COL,Juan Quintero,Midfielder,
COL,Jaminton Campaz,Forward,
COL,Deiver Machado,Defender,
COL,Davinson Sanchez,Defender,
COL,Alvaro Montero,Goalkeeper,
COL,Luis Suarez,Forward,
COL,Andres Gomez,Forward,
COD,Lionel Mpasi,Goalkeeper,
COD,Aaron Wan-Bissaka,Defender,
COD,Steve Kapuadi,Defender,
COD,Axel Tuanzebe,Defender,
COD,Dylan Batubinsika,Defender,
COD,Ngalayel Mukau,Midfielder,
COD,Nathanael Mbuku,Midfielder,
COD,Samuel Moutoussamy,Midfielder,
COD,Brian Cipenga,Forward,
COD,Theo Bongonda,Midfielder,
COD,Gael Kakuta,Forward,
COD,Joris Kayembe,Defender,
COD,Meschack Elia,Forward,
COD,Noah Sadiki,Midfielder,
COD,Aaron Tshibola,Midfielder,
COD,Timothy Fayulu,Goalkeeper,
COD,Cedric Bakambu,Forward,
COD,Charles Pickel,Midfielder,
COD,Fiston Mayele,Forward,
COD,Yoane Wissa,Forward,
COD,Matthieu Epolo,Goalkeeper,
COD,Chancel Mbemba,Defender,
COD,Simon Banza,Forward,
COD,Gedeon Kalulu,Defender,
COD,Edo Kayembe,Midfielder,
COD,Arthur Masuaku,Defender,
CIV,Yahia Fofana,Goalkeeper,
CIV,Ousmane Diomande,Defender,
CIV,Ghislain Konan,Defender,
CIV,Jean Seri,Midfielder,
CIV,Wilfried Singo,Defender,
CIV,Seko Fofana,Midfielder,
CIV,Odilon Kossounou,Defender,
CIV,Franck Kessie,Midfielder,
CIV,Ange-Yoan Bonny,Forward,
CIV,Simon Adingra,Forward,
CIV,Yan Diomande,Forward,
CIV,Elye Wahi,Forward,
CIV,Christopher Operi,Defender,
CIV,Oumar Diakite,Forward,
CIV,Amad Diallo,Forward,
CIV,Mohamed Kone,Goalkeeper,
CIV,Guela Doue,Defender,
CIV,Ibrahim Sangare,Midfielder,
CIV,Nicolas Pepe,Forward,
CIV,Emmanuel Agbadou,Defender,
CIV,Evan Ndicka,Defender,
CIV,Evann Guessand,Forward,
CIV,Alban Lafont,Goalkeeper,
CIV,Bazoumana Toure,Forward,
CIV,Parfait Guiagon,Midfielder,
CIV,Christ Oulai,Midfielder,
CRO,Dominik Livakovic,Goalkeeper,
CRO,Josip Stanisic,Defender,
CRO,Marin Pongracic,Defender,
CRO,Josko Gvardiol,Defender,
CRO,Duje Caleta-Car,Defender,
CRO,Josip Sutalo,Defender,
CRO,Nikola Moro,Midfielder,
CRO,Mateo Kovacic,Midfielder,
CRO,Andrej Kramaric,Forward,
CRO,Luka Modric,Midfielder,
CRO,Ante Budimir,Forward,
CRO,Ivor Pandur,Goalkeeper,
CRO,Nikola Vlasic,Midfielder,
CRO,Ivan Perisic,Forward,
CRO,Mario Pasalic,Midfielder,
CRO,Martin Baturina,Midfielder,
CRO,Petar Sucic,Midfielder,
CRO,Kristijan Jakic,Defender,
CRO,Toni Fruk,Midfielder,
CRO,Igor Matanovic,Forward,
CRO,Luka Sucic,Midfielder,
CRO,Luka Vuskovic,Defender,
CRO,Dominik Kotarski,Goalkeeper,
CRO,Marco Pasalic,Forward,
CRO,Martin Erlic,Defender,
CRO,Petar Musa,Forward,
CUW,Eloy Room,Goalkeeper,
CUW,Shurandy Sambo,Defender,
CUW,Jurien Gaari,Defender,
CUW,Roshon Van Eijma,Defender,
CUW,Sherel Floranus,Defender,
CUW,Godfried Roemeratoe,Midfielder,
CUW,Juninho Bacuna,Midfielder,
CUW,Livano Comenencia,Midfielder,
CUW,Juergen Locadia,Forward,
CUW,Leandro Bacuna,Midfielder,
CUW,Jeremy Antonisse,Forward,
CUW,Sontje Hansen,Forward,
CUW,Tyrese Noslin,Forward,
CUW,Kenji Gorre,Forward,
CUW,Arjany Martha,Midfielder,
CUW,Jearl Margaritha,Forward,
CUW,Brandley Kuwas,Forward,
CUW,Armando Obispo,Defender,
CUW,Gervane Kastaneer,Forward,
CUW,Joshua Brenet,Defender,
CUW,Tahith Chong,Midfielder,
CUW,Kevin Felida,Midfielder,
CUW,Riechedly Bazoer,Defender,
CUW,Deveron Fonville,Defender,
CUW,Tyrick Bodak,Goalkeeper,
CUW,Trevor Doornbusch,Goalkeeper,
CZE,Matej Kovar,Goalkeeper,
CZE,David Zima,Defender,
CZE,Tomas Holes,Defender,
CZE,Robin Hranac,Defender,
CZE,Vladimir Coufal,Defender,
CZE,Stepan Chaloupek,Defender,
CZE,Ladislav Krejci,Defender,
CZE,Vladimir Darida,Midfielder,
CZE,Adam Hlozek,Forward,
CZE,Patrik Schick,Forward,
CZE,Jan Kuchta,Forward,
CZE,Lukas Cerv,Midfielder,
CZE,Mojmir Chytil,Forward,
CZE,David Jurasek,Defender,
CZE,Pavel Sulc,Forward,
CZE,Jindrich Stanek,Goalkeeper,
CZE,Lukas Provod,Midfielder,
CZE,Michal Sadilek,Midfielder,
CZE,Tomas Chory,Forward,
CZE,Jaroslav Zeleny,Defender,
CZE,David Doudera,Defender,
CZE,Tomas Soucek,Midfielder,
CZE,Lukas Hornicek,Goalkeeper,
CZE,Alexandr Sojka,Midfielder,
CZE,Hugo Sochurek,Midfielder,
CZE,Denis Visinsky,Forward,
ECU,Hernan Galindez,Goalkeeper,
ECU,Felix Torres,Defender,
ECU,Piero Hincapie,Defender,
ECU,Joel Ordonez,Defender,
ECU,Jordy Alcivar,Midfielder,
ECU,Willian Pacho,Defender,
ECU,Pervis Estupinan,Defender,
ECU,Anthony Valencia,Midfielder,
ECU,John Yeboah,Forward,
ECU,Kendry Paez,Midfielder,
ECU,Kevin Rodriguez,Forward,
ECU,Moises Ramirez,Goalkeeper,
ECU,Enner Valencia,Forward,
ECU,Alan Minda,Midfielder,
ECU,Pedro Vite,Midfielder,
ECU,Jordy Caicedo,Forward,
ECU,Angelo Preciado,Defender,
ECU,Denil Castillo,Midfielder,
ECU,Gonzalo Plata,Forward,
ECU,Nilson Angulo,Forward,
ECU,Alan Franco,Midfielder,
ECU,Gonzalo Valle,Goalkeeper,
ECU,Moises Caicedo,Midfielder,
ECU,Jeremy Arevalo,Forward,
ECU,Jackson Porozo,Defender,
ECU,Yaimar Medina,Defender,
EGY,Mohamed Mohamed Elshenawy,Goalkeeper,
EGY,Yasser Yasser Ibrahim,Defender,
EGY,Mohamed Mohamed Hany,Defender,
EGY,Hossam Hossam Abdelmaguid,Defender,
EGY,Ramy Ramy Rabia,Defender,
EGY,Mohamed Mohamed Abdelmoneim,Defender,
EGY,Mahmoud Trezeguet,Forward,
EGY,Emam Emam Ashour,Midfielder,
EGY,Hamza Hamza Abdelkarim,Forward,
EGY,Mohamed Mohamed Salah,Forward,
EGY,Mostafa Mostafa Zico,Midfielder,
EGY,Haissem Haissem Hassan,Forward,
EGY,Ahmed Ahmed Fatouh,Defender,
EGY,Hamdy Hamdy Fathy,Midfielder,
EGY,Karim Karim Hafez,Defender,
EGY,Mahdy Mahdy Soliman,Goalkeeper,
EGY,Mohanad Mohanad Lashin,Midfielder,
EGY,Nabil Nabil Donga,Midfielder,
EGY,Marawan Marawan Attia,Midfielder,
EGY,Ibrahim Ibrahim Adel,Forward,
EGY,Mahmoud Mahmoud Saber,Midfielder,
EGY,Omar Omar Marmoush,Forward,
EGY,Mostafa Mostafa Shoubir,Goalkeeper,
EGY,Tarek Tarek Alaa,Defender,
EGY,Ahmed Zizo,Forward,
EGY,Mohamed Mohamed Alaa,Goalkeeper,
ENG,Jordan Pickford,Goalkeeper,
ENG,Ezri Konsa,Defender,
ENG,Nico Oreilly,Defender,
ENG,Declan Rice,Midfielder,
ENG,John Stones,Defender,
ENG,Marc Guehi,Defender,
ENG,Bukayo Saka,Forward,
ENG,Elliot Anderson,Midfielder,
ENG,Harry Kane,Forward,
ENG,Jude Bellingham,Midfielder,
ENG,Marcus Rashford,Forward,
ENG,Tino Livramento,Defender,
ENG,Dean Henderson,Goalkeeper,
ENG,Jordan Henderson,Midfielder,
ENG,Dan Burn,Defender,
ENG,Kobbie Mainoo,Midfielder,
ENG,Morgan Rogers,Midfielder,
ENG,Anthony Gordon,Forward,
ENG,Ollie Watkins,Forward,
ENG,Noni Madueke,Forward,
ENG,Eberechi Eze,Midfielder,
ENG,Ivan Toney,Forward,
ENG,James Trafford,Goalkeeper,
ENG,Reece James,Defender,
ENG,Djed Spence,Defender,
ENG,Jarell Quansah,Defender,
FRA,Brice Samba,Goalkeeper,
FRA,Malo Gusto,Defender,
FRA,Lucas Digne,Defender,
FRA,Dayot Upamecano,Defender,
FRA,Jules Kounde,Defender,
FRA,Manu Kone,Midfielder,
FRA,Ousmane Dembele,Forward,
FRA,Aurelien Tchouameni,Midfielder,
FRA,Marcus Thuram,Forward,
FRA,Kylian Mbappe,Forward,
FRA,Michael Olise,Forward,
FRA,Bradley Barcola,Forward,
FRA,Ngolo Kante,Midfielder,
FRA,Adrien Rabiot,Midfielder,
FRA,Ibrahima Konate,Defender,
FRA,Mike Maignan,Goalkeeper,
FRA,William Saliba,Defender,
FRA,Warren Zaire-Emery,Midfielder,
FRA,Theo Hernandez,Defender,
FRA,Desire Doue,Forward,
FRA,Lucas Hernandez,Defender,
FRA,Jean-Philippe Mateta,Forward,
FRA,Robin Risser,Goalkeeper,
FRA,Rayan Cherki,Midfielder,
FRA,Maghnes Akliouche,Midfielder,
FRA,Maxence Lacroix,Defender,
GER,Manuel Neuer,Goalkeeper,
GER,Antonio Ruediger,Defender,
GER,Waldemar Anton,Defender,
GER,Jonathan Tah,Defender,
GER,Aleksandar Pavlovic,Midfielder,
GER,Joshua Kimmich,Defender,
GER,Kai Havertz,Forward,
GER,Leon Goretzka,Midfielder,
GER,Jamie Leweling,Midfielder,
GER,Jamal Musiala,Midfielder,
GER,Nick Woltemade,Forward,
GER,Oliver Baumann,Goalkeeper,
GER,Pascal Gross,Midfielder,
GER,Maximilian Beier,Forward,
GER,Nico Schlotterbeck,Defender,
GER,Angelo Stiller,Midfielder,
GER,Florian Wirtz,Midfielder,
GER,Nathaniel Brown,Defender,
GER,Leroy Sane,Midfielder,
GER,Nadiem Amiri,Midfielder,
GER,Alexander Nuebel,Goalkeeper,
GER,David Raum,Defender,
GER,Felix Nmecha,Midfielder,
GER,Malick Thiaw,Defender,
GER,Assan Ouedraogo,Midfielder,
GER,Deniz Undav,Forward,
GHA,Lawrence Zigi,Goalkeeper,
GHA,Alidu Seidu,Defender,
GHA,Caleb Yirenkyi,Midfielder,
GHA,Jonas Adjetey,Defender,
GHA,Thomas Partey,Midfielder,
GHA,Abdul Mumin,Defender,
GHA,Abdul Fatawu,Forward,
GHA,Kwasi Sibo,Midfielder,
GHA,Jordan Ayew,Forward,
GHA,Brandon Thomas-Asante,Forward,
GHA,Antoine Semenyo,Midfielder,
GHA,Joseph Anang,Goalkeeper,
GHA,Christopher Baah,Forward,
GHA,Gideon Mensah,Defender,
GHA,Elisha Owusu,Midfielder,
GHA,Benjamin Asare,Goalkeeper,
GHA,Baba Rahman,Defender,
GHA,Jerome Opoku,Defender,
GHA,Inaki Williams,Forward,
GHA,Augustine Boakye,Midfielder,
GHA,Kojo Oppong,Defender,
GHA,Kamaldeen Sulemana,Forward,
GHA,Derrick Luckassen,Defender,
GHA,Ernest Nuamah,Forward,
GHA,Prince Adu,Forward,
GHA,Marvin Senaya,Defender,
HAI,Johny Placide,Goalkeeper,
HAI,Carlens Arcus,Defender,
HAI,Keeto Thermoncy,Defender,
HAI,Ricardo Ade,Defender,
HAI,Hannes Delcroix,Defender,
HAI,Carl Sainte,Midfielder,
HAI,Derrick Etienne,Forward,
HAI,Martin Experience,Defender,
HAI,Duckens Nazon,Forward,
HAI,Jean-Ricner Bellegarde,Midfielder,
HAI,Louicius Deedson,Forward,
HAI,Alexandre Pierre,Goalkeeper,
HAI,Markhus Lacroix,Defender,
HAI,Garven Metusala,Defender,
HAI,Ruben Providence,Forward,
HAI,Lenny Joseph,Forward,
HAI,Danley Jean Jacques,Midfielder,
HAI,Wilson Isidor,Forward,
HAI,Yassin Fortune,Forward,
HAI,Frantzdy Pierrot,Forward,
HAI,Josue Casimir,Forward,
HAI,Jean-Kevin Duverne,Defender,
HAI,Josue Duverger,Goalkeeper,
HAI,Wilguens Paugain,Defender,
HAI,Dominique Simon,Midfielder,
HAI,Woodensky Pierre,Midfielder,
IRN,Alireza Beiranvand,Goalkeeper,
IRN,Saleh Hardani,Defender,
IRN,Ehsan Hajisafi,Defender,
IRN,Shoja Khalilzadeh,Defender,
IRN,Milad Mohammadi,Defender,
IRN,Saeid Ezatolahi,Midfielder,
IRN,Alireza Jahanbakhsh,Midfielder,
IRN,Mohammad Mohebbi,Midfielder,
IRN,Mehdi Taremi,Forward,
IRN,Mehdi Ghayedi,Forward,
IRN,Ali Alipour,Forward,
IRN,Payam Niazmand,Goalkeeper,
IRN,Hossein Kanani,Defender,
IRN,Saman Ghoddos,Midfielder,
IRN,Roozbeh Cheshmi,Midfielder,
IRN,Mehdi Torabi,Midfielder,
IRN,Arya Yousefi,Defender,
IRN,Amirhossein Hosseinzadeh,Forward,
IRN,Ali Nemati,Defender,
IRN,Shahriyar Moghanloo,Forward,
IRN,Mohammad Ghorbani,Midfielder,
IRN,Hossein Hosseini,Goalkeeper,
IRN,Ramin Rezaeian,Defender,
IRN,Dennis Dargahi,Forward,
IRN,Danial Iri,Defender,
IRN,Amirmohammad Razaghinia,Midfielder,
IRQ,Fahad Fahad Talib,Goalkeeper,
IRQ,Rebin Rebin Sulaka,Defender,
IRQ,Hussein Hussein Ali,Defender,
IRQ,Zaid Zaid Tahseen,Defender,
IRQ,Akam Akam Hashim,Defender,
IRQ,Munaf Munaf Younus,Defender,
IRQ,Youssef Youssef Amyn,Midfielder,
IRQ,Ibrahim Ibrahim Bayesh,Midfielder,
IRQ,Ali Ali Alhamadi,Forward,
IRQ,Mohanad Mohanad Ali,Forward,
IRQ,Ahmed Ahmed Qasem,Forward,
IRQ,Jalal Jalal Hassan,Goalkeeper,
IRQ,Ali Ali Yousif,Forward,
IRQ,Zidane Zidane Iqbal,Midfielder,
IRQ,Ahmed Ahmed Maknazi,Defender,
IRQ,Amir Amir Alammari,Midfielder,
IRQ,Ali Ali Jasim,Forward,
IRQ,Aymen Aymen Hussein,Forward,
IRQ,Kevin Kevin Yakob,Midfielder,
IRQ,Aimar Aimar Sher,Midfielder,
IRQ,Marko Marko Farji,Forward,
IRQ,Ahmed Ahmed Basil,Goalkeeper,
IRQ,Merchas Merchas Doski,Defender,
IRQ,Zaid Zaid Ismael,Midfielder,
IRQ,Mustafa Mustafa Saadoon,Defender,
IRQ,Frans Frans Putros,Defender,
JPN,Zion Suzuki,Goalkeeper,
JPN,Yukinari Sugawara,Defender,
JPN,Shogo Taniguchi,Defender,
JPN,Kou Itakura,Defender,
JPN,Yuto Nagatomo,Defender,
JPN,Wataru Endo,Midfielder,
JPN,Ao Tanaka,Midfielder,
JPN,Takefusa Kubo,Midfielder,
JPN,Keisuke Goto,Forward,
JPN,Ritsu Doan,Midfielder,
JPN,Daizen Maeda,Midfielder,
JPN,Keisuke Osako,Goalkeeper,
JPN,Keito Nakamura,Midfielder,
JPN,Junya Ito,Midfielder,
JPN,Daichi Kamada,Midfielder,
JPN,Tsuyoshi Watanabe,Defender,
JPN,Yuito Suzuki,Midfielder,
JPN,Ayase Ueda,Forward,
JPN,Koki Ogawa,Forward,
JPN,Ayumu Seko,Defender,
JPN,Hiroki Ito,Defender,
JPN,Takehiro Tomiyasu,Defender,
JPN,Tomoki Hayakawa,Goalkeeper,
JPN,Kaishu Sano,Midfielder,
JPN,Junnosuke Suzuki,Defender,
JPN,Kento Shiogai,Forward,
JOR,Yazeed Yazeed Abulaila,Goalkeeper,
JOR,Mohammad Mohammad Abuhasheesh,Defender,
JOR,Abdallah Abdallah Nasib,Defender,
JOR,Husam Husam Abudahab,Defender,
JOR,Yazan Yazan Alarab,Defender,
JOR,Amer Amer Jamous,Midfielder,
JOR,Mohammad Mohammad Abuzraiq,Forward,
JOR,Noor Noor Alrawabdeh,Midfielder,
JOR,Ali Ali Olwan,Forward,
JOR,Mousa Mousa Altamari,Forward,
JOR,Odeh Odeh Fakhoury,Forward,
JOR,Noureddin Nour Baniateyah,Goalkeeper,
JOR,Mahmoud Mahmoud Almardi,Forward,
JOR,Ayed Rajaei Ayed Raja'Ei,Midfielder,
JOR,Ibrahim Ibrahim Sadeh,Midfielder,
JOR,Mohammad Mohammad Abualnadi,Defender,
JOR,Saleem Saleem Obaid,Defender,
JOR,Mohammad Mohammad Abughoush,Midfielder,
JOR,Ahmad Saed Alrosan Sa'Ed,Defender,
JOR,Mohannad Mohannad Abutaha,Midfielder,
JOR,Nizar Nizar Alrashdan,Midfielder,
JOR,Abdallah Abdallah Alfakhori,Goalkeeper,
JOR,Ehsan Ehsan Haddad,Defender,
JOR,Ali Ali Azaizeh,Forward,
JOR,Mohammad Mohammad Aldaoud,Midfielder,
JOR,Anas Anas Badawi,Defender,
KOR,Seunggyu Kim,Goalkeeper,
KOR,Hanbeom Lee,Defender,
KOR,Gihyuk Lee,Midfielder,
KOR,Minjae Kim,Defender,
KOR,Taehyeon Kim,Defender,
KOR,Inbeom Hwang,Midfielder,
KOR,Heungmin Son,Forward,
KOR,Seungho Paik,Midfielder,
KOR,Guesung Cho,Forward,
KOR,Jaesung Lee,Midfielder,
KOR,Heechan Hwang,Midfielder,
KOR,Bumkeun Song,Goalkeeper,
KOR,Taeseok Lee,Defender,
KOR,Wije Cho,Defender,
KOR,Moonhwan Kim,Defender,
KOR,Jinseob Park,Defender,
KOR,Junho Bae,Midfielder,
KOR,Hyeongyu Oh,Forward,
KOR,Kangin Lee,Midfielder,
KOR,Hyunjun Yang,Midfielder,
KOR,Hyeonwoo Jo,Goalkeeper,
KOR,Youngwoo Seol,Defender,
KOR,Jens Castrop,Defender,
KOR,Jingyu Kim,Midfielder,
KOR,Jisung Eom,Midfielder,
KOR,Donggyeong Lee,Midfielder,
MEX,Raul Rangel,Goalkeeper,
MEX,Jorge Sanchez,Defender,
MEX,Cesar Montes,Defender,
MEX,Edson Alvarez,Defender,
MEX,Johan Vasquez,Defender,
MEX,Erik Lira,Midfielder,
MEX,Luis Romo,Midfielder,
MEX,Alvaro Fidalgo,Midfielder,
MEX,Raul Jimenez,Forward,
MEX,Alexis Vega,Forward,
MEX,Santiago Gimenez,Forward,
MEX,Carlos Acevedo,Goalkeeper,
MEX,Guillermo Ochoa,Goalkeeper,
MEX,Armando Gonzalez,Forward,
MEX,Israel Reyes,Defender,
MEX,Julian Quinones,Forward,
MEX,Orbelin Pineda,Midfielder,
MEX,Obed Vargas,Midfielder,
MEX,Gilberto Mora,Midfielder,
MEX,Mateo Chavez,Defender,
MEX,Cesar Huerta,Forward,
MEX,Guillermo Martinez,Forward,
MEX,Jesus Gallardo,Defender,
MEX,Luis Chavez,Midfielder,
MEX,Roberto Alvarado,Forward,
MEX,Brian Gutierrez,Midfielder,
MAR,Yassine Bounou,Goalkeeper,
MAR,Achraf Hakimi,Defender,
MAR,Noussair Mazraoui,Defender,
MAR,Sofyan Amrabat,Midfielder,
MAR,Marwane Saadane,Defender,
MAR,Ayyoub Bouaddi,Midfielder,
MAR,Chemsdine Talbi,Midfielder,
MAR,Azzedine Ounahi,Midfielder,
MAR,Souane Rahimi,Forward,
MAR,Brahim Diaz,Forward,
MAR,Ismael Saibari,Midfielder,
MAR,Munir El Kajoui,Goalkeeper,
MAR,Zakaria El Ouahdi,Defender,
MAR,Issa Diop,Defender,
MAR,Samir El Mourabet,Midfielder,
MAR,Gessime Yassine,Midfielder,
MAR,Amine Sbai,Forward,
MAR,Chadi Riad,Defender,
MAR,Youssef Belammari,Defender,
MAR,Ayoub El Kaabi,Forward,
MAR,Ayoube Amaimouni,Forward,
MAR,Ahmed Tagnaouti,Goalkeeper,
MAR,Bilal El Khannouss,Midfielder,
MAR,Neil El Aynaoui,Midfielder,
MAR,Redouane Halhal,Defender,
MAR,Anass Salah Eddine,Defender,
NED,Bart Verbruggen,Goalkeeper,
NED,Lutsharel Geertruida,Defender,
NED,Marten De Roon,Midfielder,
NED,Virgil Van Dijk,Defender,
NED,Nathan Ake,Defender,
NED,Jan Van Hecke,Defender,
NED,Justin Kluivert,Midfielder,
NED,Ryan Gravenberch,Midfielder,
NED,Wout Weghorst,Forward,
NED,Memphis Depay,Forward,
NED,Cody Gakpo,Forward,
NED,Mats Wieffer,Defender,
NED,Robin Roefs,Goalkeeper,
NED,Tijjani Reijnders,Midfielder,
NED,Micky Van De Ven,Defender,
NED,Guus Til,Midfielder,
NED,Noa Lang,Forward,
NED,Donyell Malen,Forward,
NED,Brian Brobbey,Forward,
NED,Teun Koopmeiners,Midfielder,
NED,Frenkie De Jong,Midfielder,
NED,Denzel Dumfries,Defender,
NED,Mark Flekken,Goalkeeper,
NED,Crysencio Summerville,Forward,
NED,Jorrel Hato,Defender,
NED,Quinten Timber,Midfielder,
NZL,Max Crocombe,Goalkeeper,
NZL,Tim Payne,Defender,
NZL,Francis De Vries,Defender,
NZL,Tyler Bindon,Defender,
NZL,Michael Boxall,Defender,
NZL,Joe Bell,Midfielder,
NZL,Matthew Garbett,Midfielder,
NZL,Marko Stamenic,Midfielder,
NZL,Chris Wood,Forward,
NZL,Sarpreet Singh,Midfielder,
NZL,Elijah Just,Midfielder,
NZL,Alex Paulsen,Goalkeeper,
NZL,Liberato Cacace,Defender,
NZL,Alex Rufer,Midfielder,
NZL,Nando Pijnaker,Defender,
NZL,Finn Surman,Defender,
NZL,Kosta Barbarouses,Forward,
NZL,Ben Waine,Forward,
NZL,Ben Old,Midfielder,
NZL,Callum McCowatt,Midfielder,
NZL,Jesse Randall,Forward,
NZL,Michael Woud,Goalkeeper,
NZL,Ryan Thomas,Midfielder,
NZL,Callan Elliot,Defender,
NZL,Lachlan Bayliss,Midfielder,
NZL,Tommy Smith,Defender,
NOR,Orjan Nyland,Goalkeeper,
NOR,Morten Thorsby,Midfielder,
NOR,Kristoffer Ajer,Defender,
NOR,Leo Ostigard,Defender,
NOR,David Moller Wolfe,Defender,
NOR,Patrick Berg,Midfielder,
NOR,Alexander Sorloth,Forward,
NOR,Sander Berge,Midfielder,
NOR,Erling Haaland,Forward,
NOR,Martin Odegaard,Midfielder,
NOR,Jorgen Strand Larsen,Forward,
NOR,Sander Tangvik,Goalkeeper,
NOR,Egil Selvik,Goalkeeper,
NOR,Fredrik Aursnes,Midfielder,
NOR,Fredrik Bjorkan,Defender,
NOR,Marcus Holmgren Pedersen,Defender,
NOR,Torbjorn Heggem,Defender,
NOR,Kristian Thorstvedt,Midfielder,
NOR,Thelo Aasgaard,Midfielder,
NOR,Antonio Nusa,Forward,
NOR,Andreas Schjelderup,Midfielder,
NOR,Oscar Bobb,Midfielder,
NOR,Jens Hauge,Midfielder,
NOR,Sondre Langas,Defender,
NOR,Henrik Falchener,Defender,
NOR,Julian Ryerson,Forward,
PAN,Luis Mejia,Goalkeeper,
PAN,Cesar Blackman,Defender,
PAN,Jose Cordoba,Defender,
PAN,Fidel Escobar,Defender,
PAN,Edgardo Farina,Defender,
PAN,Cristian Martinez,Midfielder,
PAN,Jose Rodriguez,Midfielder,
PAN,Adalberto Carrasquilla,Midfielder,
PAN,Tomas Rodriguez,Forward,
PAN,Ismael Diaz,Midfielder,
PAN,Edgar Barcenas,Midfielder,
PAN,Cesar Samudio,Goalkeeper,
PAN,Jiovany Ramos,Defender,
PAN,Carlos Harvey,Defender,
PAN,Eric Davis,Defender,
PAN,Andres Andrade,Defender,
PAN,Jose Fajardo,Forward,
PAN,Cecilio Waterman,Forward,
PAN,Alberto Quintero,Midfielder,
PAN,Anibal Godoy,Midfielder,
PAN,Cesar Yanis,Midfielder,
PAN,Orlando Mosquera,Goalkeeper,
PAN,Amir Murillo,Defender,
PAN,Azarias Londono,Forward,
PAN,Roderick Miller,Defender,
PAN,Jorge Gutierrez,Defender,
PAR,Gatito Fernandez,Goalkeeper,
PAR,Gustavo Velazquez,Defender,
PAR,Omar Alderete,Defender,
PAR,Juan Caceres,Defender,
PAR,Fabian Balbuena,Defender,
PAR,Junior Alonso,Defender,
PAR,Ramon Sosa,Midfielder,
PAR,Diego Gomez,Midfielder,
PAR,Antonio Sanabria,Forward,
PAR,Miguel Almiron,Midfielder,
PAR,Mauricio Mauricio,Midfielder,
PAR,Orlando Gill,Goalkeeper,
PAR,Jose Canale,Defender,
PAR,Andres Cubas,Midfielder,
PAR,Gustavo Gomez,Defender,
PAR,Damian Bobadilla,Midfielder,
PAR,Alejandro Romero Gamarra,Forward,
PAR,Alex Arce,Forward,
PAR,Julio Enciso,Forward,
PAR,Braian Ojeda,Midfielder,
PAR,Gabriel Avalos,Forward,
PAR,Gaston Olveira,Goalkeeper,
PAR,Matias Galarza,Midfielder,
PAR,Gustavo Caballero,Midfielder,
PAR,Isidro Pitta,Forward,
PAR,Alexandro Maidana,Defender,
POR,Diogo Diogo Costa,Goalkeeper,
POR,Nélson Nelson Semedo,Defender,
POR,Rúben Ruben Dias,Defender,
POR,Tomás Tomas Araujo,Defender,
POR,José Diogo Dalot,Defender,
POR,Matheus Matheus Nunes,Midfielder,
POR,Cristiano Cristiano Ronaldo,Forward,
POR,Bruno Bruno Fernandes,Midfielder,
POR,Gonçalo Goncalo Ramos,Forward,
POR,Bernardo Bernardo Silva,Midfielder,
POR,João Joao Felix,Forward,
POR,José Jose Sa,Goalkeeper,
POR,Renato Renato Veiga,Defender,
POR,Gonçalo Goncalo Inacio,Defender,
POR,João Joao Neves,Midfielder,
POR,Francisco Francisco Trincao,Forward,
POR,Rafael Rafael Leao,Forward,
POR,Pedro Pedro Neto,Forward,
POR,Gonçalo Goncalo Guedes,Forward,
POR,João Joao Cancelo,Defender,
POR,Rúben Ruben Neves,Midfielder,
POR,Rui Rui Silva,Goalkeeper,
POR,Vitor Vitinha,Midfielder,
POR,Samuel Samu Costa,Defender,
POR,Nuno Nuno Mendes,Defender,
POR,Francisco Francisco Conceicao,Forward,
QAT,Mahmoud Mahmoud Abunada,Goalkeeper,
QAT,Pedro Pedro Miguel,Defender,
QAT,Lucas Lucas Mendes,Defender,
QAT,Gueye Issa Laye,Defender,
QAT,Jassem Jassem Gaber,Defender,
QAT,Abdelaziz Abdulaziz Hatem,Midfielder,
QAT,Ahmed Ahmed Alaaeldin,Forward,
QAT,Edmilson Edmilson Junior,Forward,
QAT,Mohammed Mohammed Muntari,Forward,
QAT,Hasan Hassan Alhaydos,Forward,
QAT,Akram Akram Afif,Forward,
QAT,Karim Karim Boudiaf,Midfielder,
QAT,Ayoub Ayoub Aloui,Defender,
QAT,Homam Homam Ahmed,Defender,
QAT,Yusuf Yusuf Abdurisag,Forward,
QAT,Boualem Boualem Khoukhi,Defender,
QAT,Ahmed Ahmed Alganehi,Midfielder,
QAT,Sultan Sultan Albrake,Defender,
QAT,Almoez Almoez Ali,Forward,
QAT,Ahmed Ahmed Fathy,Midfielder,
QAT,Salah Salah Zakaria,Goalkeeper,
QAT,Meshaal Meshaal Barsham,Goalkeeper,
QAT,Assim Assim Madibo,Midfielder,
QAT,Tahsin Tahsin Mohammed,Forward,
QAT,Alhashmi Alhashmi Alhussein,Defender,
QAT,Mohamed Mohamed Manai,Forward,
KSA,Nawaf Nawaf Alaqidi,Goalkeeper,
KSA,Ali Ali Majrashi,Defender,
KSA,Ali Ali Lajami,Defender,
KSA,Abdulelah Abdulelah Alamri,Defender,
KSA,Hassan Hassan Altambakti,Defender,
KSA,Nasser Nasser Aldawsari,Midfielder,
KSA,Musab Musab Aljuwayr,Midfielder,
KSA,Aiman Aiman Yahya,Forward,
KSA,Feras Feras Albrikan,Forward,
KSA,Salem Salem Aldawsari,Forward,
KSA,Saleh Saleh Alshehri,Forward,
KSA,Saud Saud Abdulhamid,Defender,
KSA,Nawaf Nawaf Bu Washl,Defender,
KSA,Hassan Hassan Kadish,Defender,
KSA,Abdullah Abdullah Alkhaibari,Midfielder,
KSA,Ziyad Ziyad Aljohani,Midfielder,
KSA,Khalid Khalid Alghannam,Forward,
KSA,Ala Ala Alhajji,Midfielder,
KSA,Abdullah Abdullah Alhamddan,Forward,
KSA,Sultan Sultan Mandash,Forward,
KSA,Mohammed Mohammed Alowais,Goalkeeper,
KSA,Ahmed Ahmed Alkassar,Goalkeeper,
KSA,Mohamed Mohamed Kanno,Midfielder,
KSA,Moteb Moteb Alharbi,Defender,
KSA,Jehad Jehad Thikri,Defender,
KSA,Mohammed Mohammed Abu Alshamat,Defender,
SCO,Angus Gunn,Goalkeeper,
SCO,Aaron Hickey,Defender,
SCO,Andy Robertson,Defender,
SCO,Scott McTominay,Midfielder,
SCO,Grant Hanley,Defender,
SCO,Kieran Tierney,Defender,
SCO,John McGinn,Midfielder,
SCO,Tyler Fletcher,Midfielder,
SCO,Lyndon Dykes,Forward,
SCO,Che Adams,Forward,
SCO,Ryan Christie,Midfielder,
SCO,Liam Kelly,Goalkeeper,
SCO,Jack Hendry,Defender,
SCO,Ross Stewart,Forward,
SCO,John Souttar,Defender,
SCO,Dominic Hyam,Defender,
SCO,Ben Gannon-Doak,Forward,
SCO,George Hirst,Forward,
SCO,Lewis Ferguson,Midfielder,
SCO,Lawrence Shankland,Forward,
SCO,Craig Gordon,Goalkeeper,
SCO,Nathan Patterson,Defender,
SCO,Kenny McLean,Midfielder,
SCO,Anthony Ralston,Defender,
SCO,Findlay Curtis,Forward,
SCO,Scott McKenna,Defender,
SEN,Yehvann Diouf,Goalkeeper,
SEN,Mamadou Sarr,Defender,
SEN,Kalidou Koulibaly,Defender,
SEN,Abdoulaye Seck,Defender,
SEN,Idrissa Gueye,Midfielder,
SEN,Pathe Ciss,Midfielder,
SEN,Assane Diao,Forward,
SEN,Lamine Camara,Midfielder,
SEN,Bamba Dieng,Forward,
SEN,Sadio Mane,Forward,
SEN,Nicolas Jackson,Forward,
SEN,Cherif Ndiaye,Forward,
SEN,Iliman Ndiaye,Forward,
SEN,Ismail Jakobs,Defender,
SEN,Krepin Diatta,Defender,
SEN,Edouard Mendy,Goalkeeper,
SEN,Pape Sarr,Midfielder,
SEN,Ismaila Sarr,Forward,
SEN,Moussa Niakhate,Defender,
SEN,Ibrahim Mbaye,Forward,
SEN,Habib Diarra,Midfielder,
SEN,Bara Ndiaye,Midfielder,
SEN,Mory Diaw,Goalkeeper,
SEN,Antoine Mendy,Defender,
SEN,El Diouf,Defender,
SEN,Pape Gueye,Midfielder,
RSA,Ronwen Williams,Goalkeeper,
RSA,Thabang Matuludi,Defender,
RSA,Khulumani Ndamane,Defender,
RSA,Teboho Mokoena,Midfielder,
RSA,Thalente Mbatha,Midfielder,
RSA,Aubrey Modiba,Defender,
RSA,Oswin Appollis,Forward,
RSA,Tshepang Moremi,Forward,
RSA,Lyle Foster,Forward,
RSA,Relebohile Mofokeng,Forward,
RSA,Themba Zwane,Midfielder,
RSA,Thapelo Maseko,Forward,
RSA,Sphephelo Sithole,Midfielder,
RSA,Mbekezeli Mbokazi,Defender,
RSA,Iqraam Rayners,Forward,
RSA,Sipho Chaine,Goalkeeper,
RSA,Evidence Makgopa,Forward,
RSA,Samukele Kabini,Defender,
RSA,Nkosinathi Sibisi,Defender,
RSA,Khuliso Mudau,Defender,
RSA,Ime Okon,Defender,
RSA,Ricardo Goss,Goalkeeper,
RSA,Jayden Adams,Midfielder,
RSA,Olwethu Makhanya,Defender,
RSA,Kamogelo Sebelebele,Forward,
RSA,Bradley Cross,Defender,
ESP,David Raya,Goalkeeper,
ESP,Marc Pubill,Defender,
ESP,Alex Grimaldo,Defender,
ESP,Eric Garcia,Defender,
ESP,Marcos Llorente,Defender,
ESP,Mikel Merino,Midfielder,
ESP,Ferran Torres,Forward,
ESP,Fabian Ruiz,Midfielder,
ESP,Pablo Gavi,Midfielder,
ESP,Dani Olmo,Forward,
ESP,Yeremy Pino,Forward,
ESP,Pedro Porro,Defender,
ESP,Joan Garcia,Goalkeeper,
ESP,Aymeric Laporte,Defender,
ESP,Alex Baena,Midfielder,
ESP,Rodrigo Rodri,Midfielder,
ESP,Nico Williams,Forward,
ESP,Martin Zubimendi,Midfielder,
ESP,Lamine Yamal,Forward,
ESP,Pedro Pedri,Midfielder,
ESP,Mikel Oyarzabal,Forward,
ESP,Pau Cubarsi,Defender,
ESP,Unai Simon,Goalkeeper,
ESP,Marc Cucurella,Defender,
ESP,Victor Munoz,Forward,
ESP,Borja Iglesias,Forward,
SWE,Jacob Widell Zetterstrom,Goalkeeper,
SWE,Gustaf Lagerbielke,Defender,
SWE,Victor Lindelof,Defender,
SWE,Isak Hien,Defender,
SWE,Gabriel Gudmundsson,Defender,
SWE,Herman Johansson,Defender,
SWE,Lucas Bergvall,Midfielder,
SWE,Daniel Svensson,Defender,
SWE,Alexander Isak,Forward,
SWE,Benjamin Nygren,Midfielder,
SWE,Anthony Elanga,Forward,
SWE,Viktor Johansson,Goalkeeper,
SWE,Ken Sema,Midfielder,
SWE,Hjalmar Ekdal,Defender,
SWE,Carl Starfelt,Defender,
SWE,Jesper Karlstrom,Midfielder,
SWE,Viktor Gyokeres,Forward,
SWE,Yasin Ayari,Midfielder,
SWE,Mattias Svanberg,Midfielder,
SWE,Eric Smith,Defender,
SWE,Alexander Bernhardsson,Defender,
SWE,Besfort Zeneli,Midfielder,
SWE,Kristoffer Nordfeldt,Goalkeeper,
SWE,Elliot Stroud,Defender,
SWE,Gustaf Nilsson,Forward,
SWE,Taha Ali,Forward,
SUI,Gregor Kobel,Goalkeeper,
SUI,Miro Muheim,Defender,
SUI,Silvan Widmer,Defender,
SUI,Nico Elvedi,Defender,
SUI,Manuel Akanji,Defender,
SUI,Denis Zakaria,Midfielder,
SUI,Breel Embolo,Forward,
SUI,Remo Freuler,Midfielder,
SUI,Johan Manzambi,Midfielder,
SUI,Granit Xhaka,Midfielder,
SUI,Dan Ndoye,Forward,
SUI,Yvon Mvogo,Goalkeeper,
SUI,Ricardo Rodriguez,Defender,
SUI,Ardon Jashari,Midfielder,
SUI,Djibril Sow,Midfielder,
SUI,Christian Fassnacht,Forward,
SUI,Ruben Vargas,Forward,
SUI,Eray Coemert,Defender,
SUI,Noah Okafor,Forward,
SUI,Michel Aebischer,Midfielder,
SUI,Marvin Keller,Goalkeeper,
SUI,Fabian Rieder,Midfielder,
SUI,Zeki Amdouni,Forward,
SUI,Aurele Amenda,Defender,
SUI,Luca Jaquez,Defender,
SUI,Cedric Itten,Forward,
TUN,Mouhib Chamakh,Goalkeeper,
TUN,Ali Abdi,Defender,
TUN,Montassar Talbi,Defender,
TUN,Omar Rekik,Defender,
TUN,Adam Arous,Defender,
TUN,Dylan Bronn,Defender,
TUN,Elias Achouri,Forward,
TUN,Elias Saad,Forward,
TUN,Hazem Mastouri,Forward,
TUN,Hannibal Mejbri,Midfielder,
TUN,Ismael Gharbi,Midfielder,
TUN,Mortadha Ben Ouanes,Defender,
TUN,Rani Khedira,Midfielder,
TUN,Khalil Ayari,Midfielder,
TUN,Mohamed Hadj Mahmoud,Midfielder,
TUN,Aymen Dahmen,Goalkeeper,
TUN,Ellyes Skhiri,Midfielder,
TUN,Rayan Elloumi,Forward,
TUN,Firas Chaouat,Forward,
TUN,Yan Valery,Defender,
TUN,Mohamed Ben Hmida,Defender,
TUN,Sabri Ben Hessen,Goalkeeper,
TUN,Moutaz Neffati,Defender,
TUN,Raed Chikhaoui,Defender,
TUN,Anis Slimane,Midfielder,
TUN,Sebastian Tounekti,Midfielder,
TUR,Mert Gunok,Goalkeeper,
TUR,Zeki Celik,Defender,
TUR,Merih Demiral,Defender,
TUR,Caglar Soyuncu,Defender,
TUR,Salih Ozcan,Midfielder,
TUR,Orkun Kokcu,Midfielder,
TUR,Kerem Akturkoglu,Forward,
TUR,Arda Guler,Forward,
TUR,Deniz Gul,Forward,
TUR,Hakan Calhanoglu,Midfielder,
TUR,Kenan Yildiz,Forward,
TUR,Altay Bayindir,Goalkeeper,
TUR,Eren Elmali,Defender,
TUR,Abdulkerim Bardakci,Defender,
TUR,Ozan Kabak,Defender,
TUR,Ismail Yuksek,Midfielder,
TUR,Irfan Kahveci,Forward,
TUR,Mert Muldur,Defender,
TUR,Yunus Akgun,Forward,
TUR,Ferdi Kadioglu,Defender,
TUR,Baris Yilmaz,Forward,
TUR,Kaan Ayhan,Midfielder,
TUR,Ugurcan Cakir,Goalkeeper,
TUR,Oguz Aydin,Forward,
TUR,Samet Akaydin,Defender,
TUR,Can Uzun,Forward,
URU,Sergio Rochet,Goalkeeper,
URU,Jose Gimenez,Defender,
URU,Sebastian Caceres,Defender,
URU,Ronald Araujo,Defender,
URU,Manuel Ugarte,Midfielder,
URU,Rodrigo Bentancur,Midfielder,
URU,Nicolas De La Cruz,Midfielder,
URU,Federico Valverde,Midfielder,
URU,Darwin Nunez,Forward,
URU,Giorgian De Arrascaeta,Midfielder,
URU,Facundo Pellistri,Forward,
URU,Santiago Mele,Goalkeeper,
URU,Guillermo Varela,Defender,
URU,Agustin Canobbio,Midfielder,
URU,Emiliano Martinez,Midfielder,
URU,Mathias Olivera,Defender,
URU,Matias Vina,Defender,
URU,Brian Rodriguez,Forward,
URU,Rodrigo Aguirre,Forward,
URU,Maxi Araujo,Midfielder,
URU,Federico Vinas,Forward,
URU,Joaquin Piquerez,Midfielder,
URU,Fernando Muslera,Goalkeeper,
URU,Santiago Bueno,Defender,
URU,Juan Sanabria,Midfielder,
URU,Rodrigo Zalazar,Midfielder,
USA,Matt Turner,Goalkeeper,
USA,Sergino Dest,Defender,
USA,Chris Richards,Defender,
USA,Tyler Adams,Midfielder,
USA,Antonee Robinson,Defender,
USA,Auston Trusty,Defender,
USA,Giovanni Reyna,Midfielder,
USA,Weston McKennie,Midfielder,
USA,Ricardo Pepi,Forward,
USA,Christian Pulisic,Forward,
USA,Brenden Aaronson,Forward,
USA,Miles Robinson,Defender,
USA,Tim Ream,Defender,
USA,Sebastian Berhalter,Midfielder,
USA,Cristian Roldan,Midfielder,
USA,Alex Freeman,Defender,
USA,Malik Tillman,Midfielder,
USA,Max Arfsten,Defender,
USA,Haji Wright,Forward,
USA,Folarin Balogun,Forward,
USA,Timothy Weah,Forward,
USA,Mark McKenzie,Defender,
USA,Joe Scally,Defender,
USA,Matt Freese,Goalkeeper,
USA,Chris Brady,Goalkeeper,
USA,Alex Zendejas,Forward,
UZB,Utkir Yusupov,Goalkeeper,
UZB,Abdukodir Khusanov,Defender,
UZB,Khojiakbar Alijonov,Defender,
UZB,Farrukh Sayfiev,Defender,
UZB,Rustam Ashurmatov,Defender,
UZB,Akmal Mozgovoy,Midfielder,
UZB,Otabek Shukurov,Midfielder,
UZB,Jamshid Iskanderov,Midfielder,
UZB,Odiljon Xamrobekov,Midfielder,
UZB,Jaloliddin Masharipov,Midfielder,
UZB,Oston Urunov,Midfielder,
UZB,Abduvohid Nematov,Goalkeeper,
UZB,Sherzod Nasrullaev,Defender,
UZB,Eldor Shomurodov,Forward,
UZB,Umar Eshmurodov,Defender,
UZB,Botirali Ergashev,Goalkeeper,
UZB,Dostonbek Khamdamov,Midfielder,
UZB,Abdulla Abdullaev,Defender,
UZB,Azizjon Ganiev,Midfielder,
UZB,Azizbek Amonov,Forward,
UZB,Igor Sergeev,Forward,
UZB,Abbosbek Fayzullaev,Midfielder,
UZB,Sherzod Esanov,Midfielder,
UZB,Behruzjon Karimov,Defender,
UZB,Avazbek Ulmasaliyev,Defender,
UZB,Jakhongir Urozov,Defender,
